Complaint Catagory,clean
Internet,comcast cable internet speeds
Billing,payment disappear - service got disconnected
Internet,speed and service
Network,comcast imposed a new usage cap of 300gb that punishes streaming
Network,comcast not working and no service to boot
Internet,isp charging for arbitrary data limits with overage fees
Internet,throttling service and unreasonable data caps
Network,comcast refuses to help troubleshoot and correct my service
Outages,comcast extended outages
Billing,comcast raising prices and not being available to ask why
Billing,billing after service was asked to be disconnected
Email,yahoo failure to restore email search feature
Internet,comcast violating open internet rules by blocking hbo go access on sony consoles
Internet,internet speed
Internet,internet disconnects every night
Internet,internet complaint
Internet,internet availability and speed
Internet,comcast owes me 65 and claims i need to return equipment i never had
Internet,horrible internet service
Billing,failure to provide services that i am billed for
Internet,internet out all the time but they have a monopoly
Internet,horrible cable service and customer service
Internet,speed
Other,comcast monopoly bundling practices
Other,comcast
Network,bait and switch
Network,comcast customer service
Billing,apartment management s exclusivity contract with comcast
Internet,unable to reach a comcast agent for internet and billing issues
Internet,wifi internet not working as well
Network,comcast data caps
Internet,comcast internet data cap
Other,xfinity movers edge program
Internet,comcast data internet usage
Other,comcast not refunding my credit
Other,comcast
Network,no service
Other,comcast
Internet,internet billing and servie issues
Network,comcast blocking directv signals
Other,pmts
Internet,slow internet speed
Internet,not getting what i am paying for with internet
Other,comcast bandwidth every evening drops to 10 of what is promised to our business
Internet,isp dishonest about speeds
Billing,deceptive sales- change in billing amount etc
Internet,comcast billing dispute
Other,comcast
Billing,comcast billing and service issues
Internet,cable prices rising
Network,service issues
Other,hbo go on playstation 4
Internet,internet connectivity
Email,email issues
Other,monopoly
Grievance,complaint against xfinitycomcast
Other,comcast credit after cancellation has not been received after more than a year
Grievance,comcast false promises
Other,comcast blocking udp port 443
Other,issues with comcast
Network,comcast refuses to schedule a future service stoppage
Other,comcast
Billing,overbilling
Billing,comcast - failure to provide service refusal to void contract
Network,spotty comcast service
Billing,without service despite willingness to pay
Other,issues with xfinitycomcast
Internet,cable modem rent for internet access
Other,comcastxfinity
Internet,speed issues
Other,at t
Other,fraudulent claims reported to collections agency
Network,comcast using a data cap to take however much money they like
Network,comcast data cap
Internet,speed of service
Network,comcast s monopolistic practices and data capping
Network,comcast data cap trials
Billing,comcast billing problem
Other,comcast needs competition
Billing,comcast servicesbilling issues
Billing,incorrect bill
Network,legality of data caps
Network,data caps
Network,comcast added service after i declined it
Other,comcast misled with overage policy
Internet,cable service and telephone connect not complete
Network,comcast data cap
Network,comcast wo nt cancel my service
Network,data caps
Network,comcast disconnecting service before due date
Network,comcast data cap
Other,comcast
Other,unbelievable treatment
Internet,denial of comcast business phone and internet service to my dental practice
Network,comcast s terrible service - how are they still in business
Billing,they are forcing me for my bank account information by suspending my services for no reason i also feel like they are committing corporate theft
Network,comcast discontinuation of service issue
Network,comcast customer service
Other,comcast
Network,comcast bandwidth data caps in atlanta ga
Internet,comcast wo nt quit charging me for modem rental
Network,comcast download caps
Network,horrible comcast customer service
Network,data cap
Network,bad customer service
Internet,disconnection of service
Billing,comcast data usage charges
Network,comcast refuses service to my address
Billing,comcast will not let me discuss my bill or service with a representative
Billing,comcast billing frauds
Internet,comcast tvinternet hookup
Network,no service for 5 days
Billing,comcast - billing
Internet,comcast internet
Internet,comcast speed integrity
Network,data cap
Network,comcast atlanta data caps
Network,comcast atlanta data caps
Network,comcast poor customer service
Network,overage on 300gb data plan with comcast
Billing,comcast bill
Network,comcast data cap
Billing,unfair billing practices
Network,comcast data caps
Internet,comcast refusing to honor internet rate
Internet,speed
Internet,not acceptable internet additional charge
Internet,comcast internet and cable service
Billing,comcast deceptive advertising overage charges
Network,comcast data caps
Other,comcast xfinity slamming
Billing,comcast support unable to provide accurate information
Network,comcast data usage limits
Internet,repeated erroneous modem rental charge
Billing,xfinity pricing
Other,comcast monopoly
Internet,internet connection both upload and download speeds
Internet,internet availability
Internet,comcast 50 mbs speed and throttling
Grievance,complaint against comcast
Other,comcast
Billing,comcast xfinity monopolistic billing practices
Internet,internet throttling
Network,data usage overage
Billing,double billing after change of service
Network,bandwidth caps becoming excessive
Network,comcast data limits
Other,unable to cancel xfinity home security
Other,comcast trying to setup stuff we did nt order
Network,terrible waiting times
Billing,incorrect prices for new customers
Internet,comcast is throttling my internet
Internet,internet pricing
Billing,misc charges
Network,comast data cap
Internet,comcast throttles internet
Internet,throttling
Internet,forced bundling of internet service with catv
Internet,comcast internet
Network,failure to deliver service
Other,comcast hbo go ps4 app
Network,comcast s refusal to recognize written notice of termination of service
Billing,rates
Billing,termination fee
Internet,comcast internetcable
Internet,i am being charge double for my cable bill
Billing,repeated comcast billing issues
Other,unauthorized comcast username setup
Network,services turned off in retaliation for complaints
Internet,comcast does not disclose the internet speed i m paying for anywhere on my bill or online
Internet,internet speeds disclosure on bill
Internet,internet speed not disclosed
Network,intermittent service
Billing,comcast billing practices
Other,monopoly
Internet,consistently slow and throttled internet speeds
Internet,paying for high speed internet with comcast consistently getting slow service
Billing,comcast monopoly on packages is costing me more money for same service
Internet,hidden fees dropped internet connection
Internet,comcast high speed internet monopoly
Internet,comcast cable in maryland
Internet,billing dispute poor customer service
Billing,comcast change contract
Internet,comcast throttle
Internet,xfinity wifi access
Internet,no internet no cable
Internet,internet service slow and intermittent
Other,comcast account
Internet,week long issues with speed and no help from comcast
Network,data usage cap maine
Other,comcasts shady business practices
Internet,comcast cable
Billing,comcast pricing
Grievance,comcast complaint
Internet,cable
Billing,comcast charges
Other,comcast
Internet,internet needed
Other,deceptive practices
Other,comcast fraud
Internet,complaint cr comcast problem - voip phone not working for days
Other,comcast
Billing,double-billing
Internet,download speeds slower than dial-up but paying for 25 mbps
Billing,comcast billing error
Internet,comcast internet technical support
Other,comcast blocking hbogo on ps4
Internet,residentail broadband data caps
Other,comcast
Billing,monthly charges increased without any notice
Internet,comcast internet for low income families
Internet,comcast internet for low income families
Network,comcast service and customer service representative
Internet,poor internet connectiondropped connection since installation of new modem
Billing,comcast billing
Billing,bank fee refund reques
Billing,comcast unfair charge
Billing,wrongful billing
Billing,billing problem
Internet,service refusal and lower than advertised speeds
Network,comcast - major complaint 1st time customer - aggravated health issues
Network,connecting the service
Billing,over charge by lying
Billing,comcast keeps changing bill and every time gives new reasons
Other,ad in craigslist was a scam for selling product not owned
Internet,comcast internet
Billing,comcast billing after discontinuation of service
Grievance,complaint against comcast
Network,comcast data cap
Other,comcast issues
Billing,comcast charging a fee without disclosing
Billing,increased bill
Billing,incorrect charges and would not fix
Internet,suspected throttling
Internet,constant disruption of internet service
Billing,comcast unfair billing practices
Billing,incorrect billing and service from comcast
Internet,comcast reduced my internet speed
Internet,keep getting charged rental fees for modem i already own
Other,dealing with comcastxfinity
Billing,over billing
Billing,billing
Network,awful service
Other,comcast bad practices
Internet,billing for equipment that was not provided to me
Internet,comcast speed issues
Network,technical support
Internet,failure to supply the proper internet service
Other,comcast disconnected my account without reason or notice
Network,bad servicedrop callsno support
Internet,modem rental fees
Other,comcast - issues galore
Other,monopolistic behavior
Billing,bait and switch pricing
Other,hbo go comcast
Internet,comcast slow internet
Internet,slow internet speeds
Billing,comcast billing pratice
Billing,comcast overbilled me and added numerous hidden charges
Billing,unfair billing practices of comcast
Network,hbo go blocked on amazon fire tv
Network,comcast outagepoor service 61
Other,comcast agreement
Billing,false contract repersentation
Internet,extremely low speeds and no help
Internet,comcast throttling download speed
Internet,broadband interuption
Internet,low internet speed
Billing,incorrect billing
Other,comcast - diversified consultants
Billing,comcast billing for last 18 mos for services they are unable or unwilling to provide
Other,comcast blocks hbo go on ps4
Billing,comcast data usage charges
Billing,comcast bandwidth billing issue
Internet,comcast internet speeds
Internet,comcast slow internet service
Internet,comcast slow internet
Internet,comcast internet freezes up
Other,comcast changed my account plan after i said no about 2-3 times
Network,lack of service from comcast
Other,comcast
Other,comcast
Network,credit for service outage 62315
Billing,unauthorized billing
Billing,billing overcharges
Internet,internetphone
Internet,comcast throttling my internet
Billing,double billing from comcast
Billing,billing over charges
Internet,internet only
Billing,continuing overcharges
Other,home security forgeryfraud
Network,2 day degraded services
Internet,internet bill too high
Billing,over paying for my comcast services
Billing,fees not disclosed before service was installed
Network,comcast service
Network,poor customer service
Billing,billed for service never received
Other,comcast
Internet,disrupted internet service
Internet,comcast billing speed issues
Network,have to bundle services to get advertised proce
Other,comcast policies
Internet,internet throttling
Billing,unfair billing practices
Billing,cocmast billing issues
Network,comcast service that did nt work
Network,data limit
Billing,pricing is not competive
Billing,comcast billing practices-unfair
Other,comcast
Internet,slow internet
Internet,internet service
Grievance,xfinity false advertisement
Internet,comcast - constantly low speeds miscommunication about billing errors not responding to complaints
Other,comcast hbo-go application and sony products
Other,never resolved problem with comcast
Internet,slow speed with the entire connection
Internet,comcast possibly throttling my internet
Other,comcast sucks
Billing,issues with comcast regarding service billing etc
Internet,internettv billing
Network,difficulty to cancel services before moving
Other,comcast incompetenceliesrobbery
Billing,comcast is forcing bundles on me while silently raising my bill
Internet,internet slowdown
Billing,comcast price
Internet,comcast fails to fulfill request for internet service
Billing,hidden product installation fee
Other,2 months and comcast has not fixed problem
Grievance,fcc complaint against comcastxfinity on providing false information
Internet,comcast internet
Internet,comcast internet
Network,service issues
Billing,comcast xfinity 300g over charge
Internet,internet availability
Network,comcast usage caps
Network,comcast data usage caps
Network,data caps and the extortion methods of comcast
Internet,no internet service
Network,no service
Billing,billing discrepencies and service termination hurdles
Billing,billing data usage
Network,bait and switch unfulfilled incentives
Internet,internet speed
Billing,comcast wont refund me for over charge
Internet,comcast internet debacle
Internet,price and performance manipulation by comcast for isp
Grievance,complaint against comcast
Internet,comcast internet speed
Grievance,comcast complaint
Network,data caps
Network,comcast unwilling to resolve data usage issue
Network,comcast unwilling to resolve data usage issue
Network,comcast data cap
Network,comcast data usage meter
Internet,comcast internet data cap lies
Billing,comcast promised 60 a month no fees charged 70 8 in fees
Internet,comcast cable connection from street is underwater and structure is too high
Network,west coast service issues - comcast
Internet,comcast refuses to uhold contract for 2 years phoneinternet
Internet,comcast business internet is much more expensive that home internet
Internet,comcast internet usage cap
Network,comcast poor service
Network,comcast corporation data caps
Internet,comcast throttling my internet service
Billing,billingservice issues
Billing,unethical charges
Network,comcast data cap
Billing,comcast wrongfully autodrafted a final bill that was not yet adjusted
Internet,comcast internet
Network,comcast data cap at 300gb
Internet,internet speeds are throttled
Billing,complex situation prevents bundling discounts and drives service price up
Internet,comcast internet prices speeds
Billing,comcast overcharging
Other,reimbursement i ve never recieved
Internet,constant internet issues
Other,xfinity
Other,xfinitycomcast
Other,comcast hard inquiries
Other,comcast jamming signal
Other,comcast lied to me
Network,terrible customer service and process
Other,comcast hbo go on ps4
Other,run around
Network,comcast service and customer service issues
Billing,comcast pricing scam
Other,comcast disconnect
Internet,comcast throttling speeds and data caps
Network,closed captioning of online videos
Other,comcast problems
Billing,removed discount after i complained about an unauthorized charge
Grievance,complaint regarding comcast
Internet,comcast internet connection cheat
Internet,wireless signal issuesfrequent connection drop
Internet,comcast is ripping me off and i ca nt be quiet anymore
Internet,billing dispute
Grievance,complaint about comcast
Other,comcast
Internet,internet speeds not as advertised
Other,comcast sony playstation devices
Internet,comcast wifi issues
Internet,comcast internet
Other,comcast
Network,comcast is giving me poor quality customer service
Other,comcast no show tech
Internet,comcast internet
Billing,horrible service charges for techinstallation applied when they shouldnt have
Internet,slow internet billing poor customer service of your complaints
Network,no service
Outages,comcast outages
Internet,comcast internet connection and speed
Internet,comcast cable internet
Network,comcast no service for one month
Other,comcast
Billing,comcast did not remove charge for over a year
Billing,comcast charging for services not rendered
Billing,price inflation due to monopoly of comcast
Internet,double charge my internet service every month
Billing,unfair billing practices
Billing,comcast billingmonopolyservice
Other,tricked into upgrade
Other,comcast unfair business practices
Internet,internet speeds slow
Network,faulty service and false advertisement
Internet,comcast started charging a lease fee for equipment i own after enabling automatic bill payment
Internet,comcastxfinity service manipulation
Internet,unsatisfactory speed with disorganized service
Billing,comcast billing and service
Billing,unfair billing practices
Billing,xfinity price and not 16mbps when paying for 50mbps
Other,xfinity order status
Internet,comcast violating open internet rules
Billing,billingcustomer service
Billing,comcast is double billing me and not processing my credit back to me
Internet,comcast internet speeds
Other,comcast lies and deception
Billing,comcast over billing
Internet,comcast internet cable and phone outtages
Internet,internet connection outage
Internet,comcast throttling internet speed
Billing,comcast xfinity overage charges no assistance
Network,service outages comcast
Billing,comcast billing
Billing,charges not authorized
Other,comcastxfinity
Internet,cocmast internet
Other,comcastxfinity
Internet,xfinitycomcast tethering connection
Other,xfinity comcast closed scheduled appt and said it was open
Network,service issues
Internet,comcast internet outage
Other,comcast
Billing,additional usage 1050gb
Network,comcast data caps
Billing,comcast billing practices
Network,very poor customer service
Internet,internet speed
Other,another fraudulenct collection claim from comcast
Other,comcast and centurylink failing wissler ranch colorado community
Network,tried to cancel was lied to about change in service
Internet,xfinity throttling apple tv bitrate
Billing,comcast termination fee
Other,unresolved issues
Billing,no warning before price increase
Billing,comcast unfair billing
Billing,comcast overbilling and overcharging
Network,comcast service complaint
Billing,charge to my bill unknowingly
Billing,billing
Internet,internet and phone pricing
Internet,worst speed no competition and billing does not match the service
Network,comcast bundled service
Internet,charged for equipment that i did nt have
Billing,comcast misrepresented their service area then charged me for attempting to use it
Other,comcast xfinity
Network,comcast does not deliver service
Internet,slow internet speeds on comcast
Network,comcast service
Internet,nonsensical raise in my internet bill
Billing,comcast service billing
Other,comcast runaround
Other,cruel and illegal practices - comcast
Internet,throttled speed
Network,transfer services
Network,comcast agent lied about service upgrade
Billing,customer service representative lied about rates and promotions
Network,comcast service corvallis or
Billing,unexplained billing
Internet,comcastxfinity internet
Network,lack of availability
Billing,comcast bill problems
Billing,unfair billing practices
Network,comcast data caps
Internet,comcast internet is unbelievably slow
Billing,comcast refuse to refund rental fee made in error
Other,comcast
Internet,issues with cable and internet packaging unfair prices
Internet,comcast internet speed and reliability
Internet,cable internet
Network,monopoly and deceit the 300gb data cap
Network,comcast xfinity home security service
Network,comcast bait and switch
Network,comcast data cap in atlanta ga
Network,cap on data usage
Network,data cap
Network,data usage
Billing,extorted into signing up for multi-year contract
Network,comcast selectively enforcing data caps
Network,comcast usage caps
Internet,comcast internet service bad quality
Other,ping spikes and packet loss
Grievance,comcast complaint
Internet,comcast phone internet billing issue
Internet,comcast xfinity charging rental fee for personally owned modem
Billing,horrific billing
Internet,comcast xfinity overcharging for internet internet cap
Network,comcast money grab using data caps
Internet,comcast internet service provider
Billing,fraudulent charges by comcast
Network,comcast data cap compliant
Billing,billings charges credits
Billing,comcast data cap limits lack of competition and anti-competition business and billing practices
Billing,deceptive billing practices
Billing,billing complaint
Billing,comcast unfair billing practices
Internet,comcast property access or right of entry
Internet,internet speed
Billing,robber barron billing practices
Other,fradualent claims
Other,xfinity comcast hbogo on ps4
Other,comcast failure to respond to user communication
Network,xfinitty tv and exfinity alarm
Internet,internet speed and price of bundle
Internet,re comcast internet illegal charges
Internet,possible internet speed throttling by my comcast internet provider
Internet,slow speed
Billing,inaccurate billing
Internet,comcast internet pricing
Billing,billingcontract issue related to data cap
Billing,comcast data billing
Network,data caps
Other,comcast
Other,comcast
Other,comcast
Internet,prolonged internet outage tardy response
Internet,comcast internet
Billing,improper billing from comcast
Other,deceptive sales tactics
Other,misrepresentation of terms
Billing,consumer fraud - sell at one price then advise price is higher
Other,misleading communication
Other,comcast chat agent help
Billing,fees
Internet,comcast cable company florida
Other,misleading advertising
Other,comcast
Billing,unfair billing practices regarding comcast
Billing,unfair comcast bill
Network,comcast services
Internet,comcast internet speeds extremely slow
Internet,comcast internet service - billing problem
Internet,comcast speed and billing
Billing,comcast refusal to cancel service under false contract claims
Internet,terrible service and ripped off by comcast
Internet,extremely slow internet speeds horrible support
Other,promissed a package and then denied
Other,hbo go on playstation 3
Billing,comcast secretly raising my bill for services i never agreed to again
Billing,lied about 70 technician fee
Internet,internet too slow
Internet,internet speed drops signal on borderline
Billing,comcast service for exterior line replacement billed to customer
Grievance,comcast complaint
Billing,i am being unfairly billed
Internet,internet prices in usa
Internet,comcast throttling my speeds for streaming video
Internet,consistently slow internet speeds
Internet,internet speeds nowhere close to what i pay for
Billing,billed without service
Internet,slow internet
Internet,billed for modem rental for several years comcast refuses to refund under caveat emptor
Other,misleading information given
Billing,contract cancellation fees and unauthorized changes
Internet,no internet service no on demand service
Internet,internet and on demand service
Billing,unfair charges and substandard service
Billing,comcast automatic payments
Outages,outage and unfair practices
Other,fraudolent pratice
Network,comcast service
Billing,comcast billing practices
Other,comcast
Other,comcast mistreatment
Internet,slow connection speed for wifi
Internet,comcast speeds low and often disconnections
Network,comcast service
Billing,denial of refund for overpayment
Network,comcast data cap
Billing,comcast unfair billing
Other,comcast
Network,slow service
Internet,comcast internet
Other,comcast
Internet,internet issue
Network,business class service
Other,dns web hosting
Other,fraudulent account
Internet,comcast internet service complaint
Billing,billing issues
Internet,comcast poor service or throttling
Billing,comcast refuses to fix billing if a virus causes data usage over cap on a system protected by their av
Internet,no broadband service provided
Network,poor service from comcast
Network,300 gb cap
Network,comcast data caps
Internet,slow speeds poor service
Billing,billing and service
Other,comcast of indiana
Internet,comcast trial of putting cap 300 gb month on internet usage
Network,comcast data caps
Network,comcast data cap code injection
Billing,comcast billingservice
Billing,comcast-flat fee contract-misrepresentation
Internet,comcast internet problems
Internet,comcast internet billing
Internet,comcast xfinity triple play
Billing,billing issues with comcast
Internet,comcast internet
Outages,comcast outage - bay area
Grievance,comcast of east windsor nj complaint
Network,terrible comcast service
Network,complaint against comcast for incredibly bad service
Network,data caps
Internet,internet service speed
Billing,comcast xfinity price gouging seniors
Billing,misrepresentation of billing
Other,constant non response or passing to other operator supervisers inability to resolve of help numerous lies told
Other,comcast chronic lies
Internet,comcast internet only service
Billing,comcast broke 36 month contract by increasing bill
Billing,unfair billing practices
Billing,installation charges
Billing,comcast over charging bundle pkg
Network,comcastxfinity data allowance
Billing,pricing
Other,60 days to close my account
Billing,fraudulent billing by comcast
Network,comcast failed to switch our systems to new location and shut down the current location
Other,comcast slamming issue
Internet,please stop broadband bandwidth caps
Internet,comcast internet in emeryville throttles speed
Billing,pricing concerns
Internet,95 palmer road enfield nh internet pricing
Billing,overpriced low quality service
Network,bundled service
Billing,comcast customer service and billing complaint
Internet,comcast throttling
Network,lack of service service call complaint
Network,lack of service service call complaint
Internet,comcast fradulent marketing and billing for internet
Network,unreliable service for the past three years
Internet,comcast has doubled my internet fee without warning
Other,frequent disconnects
Billing,billing issue
Billing,comcast unfair billing practices
Billing,comcast deceptive selling billing lack of service - second and expanded complaint
Internet,comcast complaint about internet speed
Billing,comcast billing issues
Other,comcast chicago il
Internet,no internet for last 6 days and comcast is not doing anything
Billing,comcast price gouging
Internet,unable to renew ip address
Other,comcast
Other,comcast
Other,comcast issues
Network,comcast will not service our home
Other,comcastxfinity
Billing,comcast billing and service issues
Network,poor service
Network,data cap
Other,comcast
Internet,internet billing
Billing,comcast fluctuating prices
Network,recurring comcast service issues and long waits for non-service
Internet,multiple billing an dcompetative issues
Billing,comcast fraudualent billing
Network,comcast service
Internet,re internet too expensive
Billing,charged for services not provided
Internet,paying for wifi and its not working
Internet,isp data cap
Internet,internet connection and speed issues
Internet,comcast internet
Internet,comcast will not provide online content without cable box
Internet,internet cap
Other,lack of reasonable infrastructure close to town
Internet,comcast throttling speeds
Other,comcast
Internet,comcast throttling my internet
Internet,un able to access my email address after relocae to a new address
Internet,internet speed issues with comcast and picture freezing issues when watching tv
Other,systemic failures with comcast
Other,comcastxfinity
Internet,comcast internet and lack of communication and response
Billing,billing issues
Billing,comcast knowingly over billed
Network,horribleunacceptable service of comcast
Billing,comcast overcharge
Other,deceptive trade
Billing,comcast demanding payment after cancellation
Internet,no internet
Billing,xfinity promise to pay me 300 to join
Other,comcast issues
Internet,internet provider data thresholds
Internet,comcast cable
Network,comcast data cap
Network,comcast data caps
Other,comcast
Network,comcast data cap
Internet,routine outages speeds never as promised
Other,comcast business keeps moving my same-day trouble appointment to the next day
Internet,comcast cable company
Billing,comcast billing
Internet,lack of hbo go availability on sony devices with xfinity subscription
Billing,overcharged 30 per month for 10 months straight
Billing,raising my rate
Billing,unfair comcast billing
Billing,comcast fradulently gets contract signed by my wife
Billing,comcast charging me unrelated charges
Billing,ridiculous charges
Grievance,complaint against comcast
Billing,arbitrary price increase
Billing,comcast billing complaint
Internet,internet speed deteriation
Internet,internet speed on wireless connection
Internet,internet
Internet,intermittent internet
Other,deceptive trade
Billing,improper billing and non resolution of issues
Billing,lost emailsbilling
Billing,comcastxfinity poor service fraudulent billing and collection
Network,monthly data caps
Billing,comcast data charges
Internet,inability to get access to internet through comcast or at t
Billing,paying for an upgrade that never took place
Internet,bill issues internet and disability comcast prices
Internet,not receiving advertised speed
Internet,xfinity internet speed
Billing,comcast billing
Network,nightly service interruption
Other,netflix is slow
Network,comcast wont service my address
Internet,can not access my email or service at all
Network,xfinitycomcast service
Other,unclear policies
Network,300gbmonth data cap
Internet,comcastxfinity- paying for high speed service
Internet,comcastxfinity- paying for high speed service
Billing,overage charges
Internet,comcast internet and cable deals
Billing,comcast bundle billing
Internet,comcast internet speedquality of service and price
Internet,internet bundled with tv
Internet,consistent speedconnectivity with internet
Other,comcast is ignoring me now they are making no attempt to correct problems
Network,data caps
Other,na b 6
Billing,unfair billing practices
Billing,comcast bundle price
Billing,wrongful billing - repeated since december 2013
Billing,comcast has charged me invalid fee s and wont re-imburse me for them
Network,comcastxfinity service
Other,comcast bundled
Other,somewhat threatening phone calls
Network,data cap overages
Internet,internet virus pop up scam claiming to be with comcast
Internet,intermittent internet connection
Billing,raised my bill and told me to lower it back to what it was i would have to make a 24 month agreement
Other,comcast
Internet,comcast internet
Other,comcast
Internet,issues with comcast customer service due to loss of internet
Internet,speeds being throttled
Internet,internet essentials for low income families
Other,hearsts magazine contest scam
Other,comcast
Other,comcast
Internet,comcast internet service
Other,comcast bundles
Other,comcast fraud
Billing,comcast surprise increase in charges
Internet,internet problems
Other,comcast rrefund owing to us since 3122015
Billing,still overcharged
Internet,charged for speeds they can not provide
Other,comcast deception
Internet,comcast - slow down imternet speed
Network,data caps
Billing,comcast billing complaint
Other,frequent interruptions
Billing,comcast overbilling
Internet,throttling by comcastxfinity
Internet,no internet last 4 days even after more than 10 calls and spending 10 hours with comcast on phone
Billing,comcast slammingovercharge
Internet,speeds received are not as advertised
Internet,comcast throttling speeds
Billing,comcast billing
Billing,fraudulent billing by comcast
Internet,comcast throttling
Internet,throttle of my internet access speeds by comcast
Internet,comcast overcharge for internet service for over one year
Network,not receiving refund of service from comcast for over 90 days
Other,unfair and deceptive trade practices
Internet,comcast bill internet usage
Network,comcast data cap
Billing,over billing issues
Billing,comcast billing practices
Billing,high payment
Network,comcast support
Internet,comcast internetcable contacted them over the phone and chat
Network,comcast usage data plan
Network,comcast data usage caplimit
Internet,cable
Billing,charges
Network,comcast data caps
Network,comcast data usage cap
Internet,comcast keeps charging for me for over the limit internet - when says we have unlimited
Billing,data overage charges
Internet,no internet
Network,continues services interruptions causing losses to my business
Network,comcast blocking services
Billing,fake charges
Billing,billing issuesservice issues
Billing,comcast charging fee without warning
Network,comcast service levels
Billing,one sided contracts
Billing,comcast fraudulent charges
Billing,comcast data useage caps and charges
Internet,comcast cable unauthorized charges
Internet,comcast cable unauthorized charges
Billing,comcast fraudulent pricing and practices
Other,comcast and competition
Other,comcastearthlink
Internet,speed throttling
Internet,charged doublespeeds throttled
Billing,comcast rate hike
Internet,internet speed
Other,comcast xfinity
Internet,internet cable alarm
Internet,phone internet cable alarm
Internet,comcast service overcharge for internet and phone
Internet,billing and internet connection
Internet,comcast internet price high
Other,comcast
Network,comcast refuses to service address
Billing,overcharge promo end
Billing,hang-ups lies bill more than 2x higher more
Other,lies and deception
Other,comcast refuses to refund deposit according to initial terms
Network,comcast data caps
Network,data cap
Billing,comcast contract problem
Network,intermittent service
Billing,comcast-overcharges
Other,comcast
Billing,monthly bill
Network,deceptive business practice with service protection plan
Billing,billing error
Network,unreliable service
Billing,billing and threats
Internet,horrible internet speed not what i pay for
Network,comcast service failure
Billing,incomplete billing cycle
Internet,internet system reliability
Billing,faulty bill for more profit
Billing,comcast - overchargingunnecessary charges
Internet,throttling by comcast
Internet,billed for internet service that was never installed
Billing,billing and new account issues
Internet,comcast high prices and throttling speeds
Internet,comcast predatory pricing forcing purchase of cable
Billing,comcast billing
Internet,speedpricing
Internet,comcast internet slow
Internet,the monthly bill for my internet service has become too expensive
Internet,throttling
Internet,comcast internet service complaint
Internet,poor quality service multiple disconnections prior to disconnect date and after i have made payments still got disconnected multiple times
Other,comcast
Other,being lied to and mislead by comcast xfinity
Internet,internet connection not available
Network,comcast service issues
Billing,comcast bundles useless services to charge more
Network,comcast failed to deliver service that was advertised
Billing,comcast wont honor discount bill higher than what was agreed
Internet,poor customer service terrible internet speeds prices are way too high
Network,comcast bundle promotion bait and switch
Internet,comcast internet service large increases improper billings on promtions for one yr
Internet,comcast refused to install internet
Other,text on facebook
Network,comcast customerxfinitycom
Internet,low internet speed complaint against comcast xfinity houston texas
Billing,billing and false advertising
Billing,comcast charging service fee to customer -- customer did nt cause issue
Other,comcast
Network,unable to get in touch with anyone that has the power to cancel my services
Network,comcast s data caps are anti-consumer
Other,hbogo on ps4
Internet,throttled speed during peak hours
Billing,customer service lied about extra fees
Network,xfinity data cap
Network,comcast services
Billing,charged for activation kit that was never sent needed or used
Billing,adding services not requested and increasing fees without notification
Billing,renewed contract without my permission or consent
Billing,ongoing issue with bill supervisors issue not fixed
Other,comcast
Network,comcast failure to provide adequate service
Billing,assessing unjustified late fees
Billing,unable to fully use services and high bills
Other,comcast
Other,comcast in indianapolis scam
Billing,comcast billing
Network,comcast customer care racism
Network,comcast customer care racism
Internet,internet and service
Other,hbo should nt have a load time
Network,comcast customer service agents lie about offers to switch
Billing,comcast technicalcustomer service and billing problems
Internet,comcastxfinity internet gouging
Billing,pricing problems even after promises
Network,comcast business services-email accounts
Internet,keep getting charged for modem rental and i bought my own 7 months ago
Billing,comcast billing
Internet,internet service provider comcast harassing me to return equipment i already returned
Network,comcast service
Internet,throttling
Other,continued calls from comcast
Other,installation
Other,comcastxfinity
Internet,internet being throttled by comcast
Internet,service connection issues increased billing bad service unfair trade practices
Network,comcast - virtually no service since october 2014
Internet,recurring billing discrepancy regarding modem
Network,comcast data usage robbing us
Billing,false advertising and overcharging
Internet,xfinity internet
Billing,overchargedexcessive bill
Internet,internet fraud
Internet,comcast internet provider-jacksonville florida
Internet,internet service changes between comcast business comcast residential
Internet,can not access onlinebilling account to pay bill account info changed without authorization
Other,continued issue
Internet,internet only deal
Network,customer service from comcast
Billing,comcast service billing
Internet,comcast speed issue after evening
Billing,comcast has not applied credit of close to 400
Grievance,comcast complaint
Internet,monopoly fraudulent broadband speedtest results
Other,comcast refuses to serve my address
Network,customer service nightmare
Other,commercial property damage
Network,non working service with comcast
Internet,issue with internet service
Internet,comcast cable tv
Grievance,complaints about comcast
Other,comcast
Other,comcast becoming a hassle
Other,comcast
Other,fraud
Network,comcast customer service
Internet,comcast internet services and customer service is horrible
Internet,loss of internet connection
Other,internat essential
Network,lack of service and misleading promises
Network,comcast service
Internet,comcast internet complaint
Network,comcast services not working
Billing,comcast charging ridiculous prices
Internet,comcast internet service
Internet,comcast internet performance
Internet,comcast internet claiming 25 mbps internet but i get only 3 mbps and customer service representative hung up call repeateadly
Billing,long term billing issue with rude customer service caused depression and trauma
Billing,comcast incorrect and confusing billing
Billing,data caps monthly prices
Other,installation request - new subdivision - jesup ga
Other,comcast grievance
Network,comcast -exfinity customer service errors lies and wasted time
Network,comcast -exfinity customer service errors lies and wasted time
Network,comcast very bad rude customer service
Internet,billing dispute
Internet,comcast cable
Other,lied to now i m suffering and at a loss
Other,cyber bulling
Network,comcast service
Other,comcast business
Network,service complaint
Other,comcast e-mail issues
Billing,comcast slamming with fees
Billing,fraudulent charges
Billing,comcast billing
Other,monopoly
Billing,comcast billing has caused issues
Network,business practices and customer treatment
Network,xfinity not providing service in my portion of the neighborhood
Billing,comcast customer service and billing service
Internet,not receiving the speeds promised and the charges are too high
Internet,internet bill goes up with no cable bundle
Other,significant quality loss
Network,customer services
Billing,unfair billing practices
Network,service issues
Internet,xfinity throttling my connection
Network,service down for 25 days but was never credit it for it
Network,comcast home business service - fc consulting llc
Internet,being charged for modem that was returned over 1 year ago
Network,comcast data cap
Billing,comcast s pricing and bundling model is a monopolized extortion in my area
Internet,comcast forcing me to pay same rate for lower speed
Internet,speeds lower than advertised
Network,comcast data cap of 300gb
Network,data cap
Internet,comcast online access
Network,availabilty
Internet,wireless internet
Internet,no access to hbo go on playstation 4 through comcast
Internet,very frequent service outages with comcast internet
Internet,ongoing serious and cotinued internet service outages
Internet,internet problems billing and service
Other,comcast blocking hbo go on sony playstation devices
Other,continued slowness for more than 2 weeks
Other,continued slowness for almost 3 weeks
Other,continued slowness for almost 3 weeks
Internet,comcast s constant manipulation of bills
Network,false advertising bait switch
Network,false advertisement for paid service
Internet,comcast internet
Internet,comcast internet and tv false information and false price
Network,comcast data cap interference with free market
Billing,inhome service visit charged when the problem was outside of my apartment
Internet,comcast internetcable tv package
Internet,comcast internet overage charges
Billing,unauthorized charge on comcast bill
Network,data caps by comcast
Internet,comcast high speed internet
Billing,fradulant charges against credit report
Network,comcast data caps
Network,comcast data caps
Network,comcast data caps
Network,comcast home data usage cap
Network,unable to obtain residential service
Network,bandwidth caps
Other,local monopoly
Network,comcast data plan
Internet,comcast isp oio violation
Network,comcast data cap
Other,comcast intrnet
Billing,refusal to prorate for services not recieved
Network,comcast data caps
Billing,data soft cap and charges from comcast
Internet,comcast speed and cap misinformation
Other,comcast excessive overages
Internet,comcast data caps for home internet service
Other,comcast
Network,comcast monthly data usage cap
Billing,comcast data limits and overage charges
Network,comcast data use caps
Network,data caps
Network,service outno customer service provided
Network,comcast data usage
Network,forced data capping
Billing,comcast costs
Billing,unfair billing practices
Other,request to transfer e-mail account from comcast
Network,comcast data cap
Grievance,complaint against comcastinfinity
Network,complaint about service provided by comcastxfinity
Other,problems with comcast
Network,service provided is not what was promised
Email,email account removed
Internet,internet
Billing,billing fraud by comcast
Other,comcast
Internet,internet availability for students
Billing,billing
Internet,comcast internet
Internet,comcast internet billing
Network,inability to call 911 service during a power outage
Other,comcast monopoly hurting my business
Billing,comcast-billing
Internet,internet speed not as advertised
Other,underhanded sales techniques
Internet,comcast internet
Internet,internetphone billing services
Billing,fraudulent billing practice
Internet,not receiving network speed as advertised
Internet,internet speedservice
Other,comcast not honoring agreement
Internet,falsified unreturned equipment fees
Internet,slow comcast internet
Internet,comcast not delivering advertised speed
Network,comcast support
Other,several issues
Billing,inappropriate billing
Internet,comcast internet offer
Other,comcast las cruces new mexico
Billing,unfair billing practices
Other,comcast stockholder response
Internet,xfinity cable internet repackage scam
Other,constant loss of account
Internet,xfinity slow internet
Network,comcast poor customer service and degraded service
Network,data cap
Internet,comcast internet
Billing,billing discrepancies and misrepresentation of package prices
Other,comcast cancellation
Network,comcast data limit
Network,comcast data cap
Internet,lack of service and speed
Other,comcast in violation of merger terms
Billing,online adertised price was not honored over phone
Billing,comcast inflated and undetermined ever-increasing rates
Other,locals
Internet,comcast fees and internet services
Other,blocking the viewing of websites
Network,bait and switch
Billing,unfair pricing
Internet,unresponsive calls to customer service regarding wifi hotspots
Billing,comcast billing
Other,comcast promised credits by superviser
Network,bait switch
Network,data caps
Network,data caps
Network,comcast data cap
Network,cheating customer
Network,comcast bundled services
Internet,xfinity unable to correct issue of losing connection
Other,comcast
Billing,monopolistic billing practices
Other,300 gb monthly allowance
Network,comcast data cap
Internet,internet down
Network,comcast data threshold
Network,customer service
Billing,customer service price
Network,loss of electronicspoor customer servicefaulty grounding
Internet,ongoing comcast internet outages
Internet,unfair internet prices
Internet,comcast internet dropping out
Other,comcast problems
Billing,overcharged for underperforming services
Internet,i am being throttled by comcast
Billing,comcast unfair billing practices
Billing,comcast billing shutting off service
Other,comcastcomcas
Internet,comcast cable
Billing,fraudulent billing practices by comcast
Network,services interrupted
Internet,internet contract issue
Billing,comcast billing
Internet,xfinity bogus modem charges
Other,na b 6
Other,comcast
Internet,poor customer service and internet availability
Network,comcast service
Internet,internet service and phone service
Other,xfinity
Internet,internet speeds and billing errors
Billing,comcast billing issue
Internet,internet throttling unfair billing practices
Internet,internet throttling unfair billing practices
Grievance,comcast false advertising
Internet,speeds slower than advertised
Internet,increase in price of internet
Other,comcast
Internet,comcast internet
Internet,slowness of internet
Internet,video throttling
Other,comcastxfinity
Billing,ridiculous and inconsistent billing
Network,comcast over inflating data meter usage
Billing,comcast billing fraud
Internet,comcast - incorrect billing issues - has happened on multiple occasions with my account
Billing,repeated issues with comcast billing and customer service
Network,comcast data cap
Billing,unfair pricing practices
Network,comcast customer service
Internet,comcast business internet -- not providing service to new location will not terminate contract despite multiple attempts
Network,data caps discourage commerce
Internet,comcast internet is atrocious
Other,comcast
Internet,internet speed
Other,comcast cancellation issue
Internet,internet availability
Billing,comcast is giving me the ring around and charged me 130
Billing,comcast over charges
Internet,comcast internet billing problemsdisrespectful customer service agents
Billing,bill flucuation
Internet,comcast internet-price keeps changing
Internet,comcast continuous modem rental charges
Internet,comcast throttling internet
Billing,customer service and billing complaint
Network,300gbmonth data cap trial for several years now
Network,comcast data usage cap
Network,comcast data caps
Network,comcast and their data limit
Other,comcast refuses to honor a plan that one of their sales reps offered
Other,comcast
Network,data cap imposed without notice
Billing,comcast charging over 600 for data
Other,comcastxfinity
Internet,comcast business internet
Network,comcast 300gb data cap
Billing,comcast charges
Internet,overcharged internet billing
Network,comcast 300gb data cap
Billing,comcast - billing practices
Billing,comcast billing and service issues
Network,intermittent poor service
Internet,inconsistent and poor internet performance
Internet,internet performance latencybandwidth substantially below what i m paying for for weeks
Other,comcast endless problems
Internet,internet connection delibrately slowed down
Network,comcast - customer servicetechnical service inferiority
Internet,comcast cable outage
Billing,service not disconnected as requested overcharged and overpaid as a result
Network,comcast service
Other,infinity comcast
Network,datacaps
Internet,comcast internet speeds
Internet,comcast - internet service complaint
Other,no comcast -- uverse
Network,horrible service
Internet,comcast- internet
Internet,internet
Other,wasted time and money
Billing,billing issues
Internet,forced to pay for home security services that are inactive bundled with my internet services
Network,comcast data caps
Other,comcast
Network,comcast data cap limit
Other,invalid sercice
Other,invalid sercice
Network,comcast data caps
Network,stop the data caps of comcast
Network,lack of communication and poor customer service
Network,comcast data cap
Billing,comcast overpricing
Billing,comcast rates
Network,comcast data cap
Billing,comcast refuse to honor agreed upon price promotion
Other,comcast slowing down
Billing,unfair billing practices
Network,poor customer service with comcast
Billing,comcast has turned my business account to third-party collections when i legitimately canceled my contract per the terms
Billing,comcast still billing after account is closed and paid
Other,comcast deceving upgrade without request
Network,comcast service issues
Internet,comcast internet telephone tv service
Internet,not receiving internet and harrassing phone calls
Internet,internet service
Grievance,comcast complaint
Other,comcast is terrible
Internet,comcast internet poor service
Internet,charged for cable modem rental that i have owned for 8 years
Internet,monthly charge for a modem
Network,comcast service
Network,comcast service
Other,comcast
Billing,exaggerated bill and lack of responsibilities in keep appointments disrespect for consumers
Billing,exaggerated bill and lack of responsibilities in keep appointments disrespect for consumers
Network,failure to connect service
Other,comcast will not cancel my account
Internet,problems with comcast xfinity internet service
Billing,paying for 50 mbps from comcast only receiving 037 mbps
Internet,comcast internet billing
Internet,comcast internet being slow
Billing,comcast new signup billing bait-and-switch
Billing,billing
Internet,lack of internet speed
Network,comcast poor customer services and commitment
Internet,new fcc internet rules slowing down system
Billing,unfair pricing
Network,poor service from comcast xfinity
Internet,internet and cable billing
Other,comcast
Billing,comcast charging me for items i do not wantasked for
Internet,internet throttling
Internet,comcast - new service ridiculously inept not close to the speed told added and incorrect charges on the first bill - hoping i would not notice
Grievance,second complaint comcast not honoring marketing materials
Network,comcast committing bait and switch fraud
Network,worst customer service with no resolution
Other,comcast
Billing,comcast billing issues
Internet,paying for high speed internet and receiving low speeds
Internet,unwilling to provide a refund for charging rent on a modem
Internet,internet connectivity issues
Billing,comcast has raised my bill twice without warning
Internet,comcast charges me for 25m connection get 5 down11 up
Billing,comcast business not honoring signed contract
Network,transfer of services
Other,comcast nightmare
Billing,charged erroneous fee on bill
Other,i need help pleas
Billing,discriminatory tiered pricing and traffic limitations by comcast
Other,comcast thieves
Internet,low internet quality
Grievance,false advertisement
Other,comcast targeted blocking of content
Internet,slow internet monopoly area
Network,data cap
Network,data cap 300gb
Network,comcast usage limit
Billing,comcast billing for late paymentdisconnect due to their error
Internet,internet service down
Other,spam
Internet,failure to resolve internet outages
Internet,comcast internet service that i was never able to use
Network,comcast account issuescustomer service complaints
Internet,comcast internet
Other,ads for website
Other,comcast is awful lies and is corrupt
Internet,internet freezing
Network,unannouced service outage not caused by weather
Network,comcast data cap is bullcrap
Billing,receiving bill for account that was supposed to be cancelled
Other,comcast
Other,comcast refusing to run lines
Internet,comcast unreliable speed service
Internet,internet service
Internet,internet service
Internet,internet service
Internet,comcast slow speeds and lying about prices
Billing,billing issues
Billing,unfair comcast billing practices
Internet,comcast charging me monthly fees for equipment rental when i own the equipment
Billing,comcast refuses to credit erroneous overcharges due to deceptive promotional rates
Network,comcast data cap
Other,comcast installation date of june 22 2015
Network,comcast refusing to provide continued service promisedadvertised in writing
Billing,required 100 deposit to open an account
Other,comcast
Network,cap on comcast data
Internet,comcast internet down since 425 with no resolve
Billing,false charges refusal to credit
Network,commercials burning data
Other,comcast
Internet,comcast internet complaint
Internet,over charging for internet
Network,comcast data policy and lies
Billing,comcastxfinity customer service and billing
Network,comcast data cap
Internet,throttling bandwidth
Billing,comcast billing
Network,comcast service
Billing,comcast data overage charges
Billing,dishonest billing practices
Billing,dishonest billing practices and lying
Other,comcast
Internet,comcast lowering internet speeds on constant basis
Network,comcast lies to the customer just to get them off the phone
Internet,internet
Billing,no packagepricing information from comcast for san francisco
Billing,fraudulent charges and poor or no service
Internet,speed for internet nowhere close to claims
Other,comcast took my account info
Billing,over billing no reason code for excess billing fraud - imo
Internet,unreliable internet service
Other,comcast caught in 3 lies
Billing,no bill
Internet,bait and switch product offerings for internet blast service
Internet,comcast charges modem rental but modem was returned 3 years ago
Internet,comcast internet
Network,comcast bundle availability complaint
Internet,comcast connection issues
Billing,unauthorized change in charges
Network,availabilty
Network,data allowance
Billing,comcast billing issues
Network,comcast data usage - deceptive practice
Network,comcast s data cap
Internet,comcast is limiting my access to data by using data caps
Other,comcast attempting to circumvent net neutrality policies
Network,comcast data cap
Network,comcast downgraded service with no notification
Internet,comcast internet
Network,comcast data caps in currently uncompetitive nashville market
Internet,comcast- not responsive to multiple requests for service
Other,comcast is stealing from me
Network,comcast horrible service
Network,intermittent drops of service
Billing,overage charges
Other,comcast refund
Internet,comcast speeds not as advertised
Network,comcast data cap
Internet,comcast internet
Internet,lost internet service
Internet,low wifi
Internet,issue with internet speed
Internet,comcast internet complaint
Internet,internet problems
Billing,comcast service problems for months charging without fixng the issue
Network,horrible customer service could not help me - lied to by supervisor
Grievance,comcast false advertising
Internet,comcast business internet
Billing,comcast lied about pricing and installation
Billing,comcast- unfair pricing tactics
Billing,overcharges
Other,comcast is a monopoly
Other,comcast is cheating me
Billing,overcharged
Internet,comcast business phoneinternet contract disagreement
Network,unable to cancel comcast service
Billing,misleading information regarding contract leads to 200 unresolved early term fee
Other,comcast issues
Internet,internet down
Network,comcast failure of service
Internet,comcast throttling my internet connection
Billing,billingservice issues
Network,10 days no service - 12 appointments comcast has nt shown up - comcast has not fixed home infinity x1 - in 10 days- can not make 911 calls
Internet,internet outages
Internet,high speed internet awful
Internet,rude nasty customer service behavior and a three year failure to deliver the business internet services paid for
Other,comcast failing still
Network,the worst customer service team and negative outlook on customers
Other,comcast
Other,comcastxfinity
Internet,internet problems
Billing,improper billing
Internet,internet being slowed
Internet,spotty service business class internet
Internet,bundled cable and internet
Other,comcast dishonest marketing scheme
Network,sold one service received another
Internet,internet speed
Network,home shopping network emails
Other,comcast
Internet,internet speed
Internet,comcast charging too much and internet speed lower than ordered
Internet,ask comcast to fix internet connection of my home
Other,comcast scam
Billing,comcast service and billing issue
Internet,speed throttling
Billing,bill to damn high
Network,comcast data usage cap
Internet,comcast - internet data cap
Billing,comcast service and billing issues
Billing,illegal charges from comcast
Other,comcast
Internet,inconsistent low speeds that are overpriced
Network,bad customer service
Internet,unable to cancel poor internet service
Network,microsoft is limiting service
Other,unethical behavior comcast requesting credit check or deposit
Other,unfair bundles
Other,comcast
Other,years of packet loss and downtime
Other,comcast run around
Internet,comcast cablevision florida
Other,comcast
Billing,poor quality service and unauthorized charges
Billing,comcastxfinity cancellation fee
Internet,comcast billing and speed
Network,data cap overages
Internet,comcast data caps are killing the internet
Other,lied to by comcast
Network,data cap in olive branch ms with comcast
Network,data cap
Internet,comcast internet data cap segregation
Internet,inconsistent internet service
Billing,comcast - fraudulent billing practices unwilling to resolve situation
Internet,billing and slowing of internet
Internet,internet and tv problems
Internet,day 3 of internet going down and disconnect support calls
Internet,internet service billing
Billing,forcing customer to pay an incorrect bill to get it fixed
Billing,comcast billingpricing practices
Network,comcast terrible service 2
Network,bait and switch services for monetary gain
Internet,comcast xfinity internet performance
Internet,outrageous internet bill adjustments from comcast
Internet,comcast cablephoneinternet complaint
Internet,comcast data usage - additional fee for internet usage but not tv
Billing,billing complaint
Other,comcast
Network,abysmal customer service do not approve merger with time warner
Internet,comcast business internet service down for 6 days
Billing,billing
Other,problems with comcast
Internet,internet billing
Billing,comcast billing
Other,comcast
Billing,comcast billing
Network,data usage limit
Network,data cap limitations
Network,comcast service rep missed appointment i missed a very important family gathering because i was waiting on the worker to show
Billing,unfair billing
Internet,throttle internet
Internet,comcast phone internet and tv
Billing,erroneous charges on comcast bill
Billing,deceptive and false contract on business comcast for service call
Billing,poor service inaccurate billing
Other,my comcast nightmare
Internet,comcast internet bait and switch
Network,no service no assistance
Network,comcast is a terrible service
Internet,comcast high-speed internet does not work
Billing,comcast billing customer service
Network,failure to cancel service
Internet,unable to return equipment
Internet,unable to return equipment
Internet,slow internet speeds
Billing,comcast keeps hiking my bill for no reason
Internet,questionable internet slowdown
Other,comcast
Internet,advertised internet price not honored
Network,data cap problems
Internet,comcast internet overage charges
Network,surprise data caps from comcast
Billing,price increase while on a fixed price plan
Internet,internet price went up offered lower price deal with cable tv
Other,comcast
Other,comcast metro fiber
Other,comcast
Other,terrible experience with comcast
Other,promotion ended in one month
Network,metered bandwidth with no data meter
Network,comcast data cap
Internet,speed
Billing,comcast xfinity larger withdrawal on automatic payment than billed
Network,inability to add service
Internet,no internet service
Network,comcast customer service theft inconsistency
Other,comcast
Other,terrible comcast experience - no end in sight
Network,comcastxfinity customer service
Other,comcast is blocking hbo go in sony platforms
Other,bundle
Other,comcast blocking hbo go from playstation 3 and 4
Internet,cancelled comcast internet - service and billing was never cancelled
Network,terrible service
Internet,internet connectivity and speed
Internet,bad internet speeds
Other,comcast
Billing,comcast billing issues
Other,comcast refuses to recognize our same sex marriage
Internet,comcast wifi service
Internet,terrible internet quality
Billing,comcast billing and services
Billing,unfair billing at comcast
Grievance,comcast complaint
Internet,internet service provider billing increase
Internet,was liked to about the speed and the price that was offered to me
Other,comcast
Network,stop the cap
Billing,comcast quoted one price then billed another
Internet,poor internet quality
Other,comcast terrible experience with no resolution
Other,comcast terrible experience with no resolution
Internet,comcast throttling connection speeds
Other,comcast
Billing,comcast fraudulent billing charges
Billing,unfair pricing
Billing,comcast s unfair billing and pricing practices
Internet,slowed internet speeds
Internet,comcast -- throttling connection
Internet,no internet phone or cable service
Internet,comcast bundling of internet and tv services and deceptive sales practices
Billing,comcast price inflation
Other,comcast
Other,comcast
Internet,slow internet speeds
Billing,bill payment
Network,comcast service
Internet,comcast is not providing service for bad internet
Billing,billingservice issues
Billing,comcast billing increase
Billing,charging for service with out fixing the problem
Internet,i do not have internet and work from home
Network,terrible customer service from comcast
Internet,internet not working
Network,expensive service capped
Network,comcast email service
Billing,comcast deceptive billing practices
Internet,broadband internet service
Other,comcast blocks hbogo from sony ps4 and ps3 devices
Other,communication problem
Billing,comcast - unfair billing policies
Other,bundle bull s
Internet,unwarranted charges by comcast for internet
Internet,outage of internet service 5192015 and attitude of cust svc rep
Internet,no internet service
Billing,comcast mislead me and cost my business
Other,comcast
Billing,comcast billing
Other,comcast misses 4 appointments
Internet,internet and phone service
Billing,comcast billing primary service secondary
Billing,comcast s deceptive billing
Internet,comcast internet
Internet,comcast internet data cap
Other,comcast blocking hbo content for streaming
Billing,billing issue
Internet,comcast has a monopoly on our internet
Network,bait and switch again
Billing,comcast deceptive business class billing
Billing,billing
Internet,internetcable service
Network,comcast theft lying horrible service and deception
Billing,invalid sercvice charge
Billing,comcast billing complaint
Internet,comcastxfinity blast internet
Other,comcast
Network,comcast bandwidth availability
Network,data limit with comcast
Billing,excessive billing
Internet,unable to get comcast to provide me with broadband
Internet,loss connection internet many time in a day
Other,no way to see when promotions end
Billing,comcast not connecting me to cancel service and raising prices unfairly
Internet,comcast - i ve been paying for unnecessary speeds when they knew and i did not
Other,comcast
Internet,internet bill increase
Network,comcast bait and switch
Other,comcast
Internet,comcast shut-off notice -internettv
Internet,cable splitter without consent from customer comcast
Other,e-mail
Grievance,comcast complaint
Billing,service billing
Internet,comcast overcharges for internet charges
Other,comcast
Network,comcast data caps
Network,comcast data usage caps
Billing,data caps and monthly fees
Other,comcast monopoly in calvert county maryland
Internet,comcast speed
Internet,comcast internet billing
Other,comcast corporation
Other,comcast
Network,comcastxfinity customer service
Internet,intermittent expensive connection
Internet,slower internet speeds than what i was promised for my pay
Internet,internet connectivity loss over 1000ms latency under 1mbps speeds
Internet,comcast throttling
Network,comcast data caps are an end-run around net neutrality
Internet,comcast internet disconnection
Network,non working service
Internet,internet pricing competition
Other,comcast conplaints
Internet,comcast throttling playstationand blocking hbo go
Other,comcast xfinity unethical business practice
Other,comcast blocking hbo go on playstation systems
Network,comcast is a downright awful service provider
Other,comcast screwed me
Internet,comcast speed not matching blocked phone number
Other,comcast
Internet,tinternet service provider complaint
Internet,high speed internet
Billing,complaint about comcast s hidden fees and unauthorized charges
Billing,issues with service and payments
Internet,comcast billing dispute - wireless service
Network,comcast service inadequacies
Internet,internet speed
Internet,internettv bundle service
Other,comcast set up
Internet,unacceptable business internet service from comcast
Internet,poor speed and reliability
Internet,possible speed throttling comcast xfinity richmond va
Internet,comcast speed throttling and more
Internet,comcast ending promotion and contract early directing customer to resolve disputes in person at their office
Internet,shady internet billing practices from comcast
Internet,comcast internet
Other,about comcast
Other,about comcast
Network,comcast data cap
Internet,internet service is down for three weeks now
Other,hbo go on ps3
Billing,unfair charges
Internet,data cap on internet downloads
Internet,comcast speed
Billing,comcast has been over charging us
Billing,billing issues
Internet,comcast internet service
Billing,comcast billing and service issues
Internet,internet and customer service problem with comcast
Network,lack of consistent service
Internet,interne speed
Other,comcast
Network,comcast ordered services that we never agreed to
Internet,billing dispute
Other,comcastnet
Internet,comcast taking almost 9 days to solve my internet issue
Other,failure to provide imstallation rockville maryland 20852
Internet,internet slow
Billing,predatory billing by comcast
Internet,comcast xfinity barely ever works and speed sucks
Email,email transfer problems
Internet,cramming charges on my phoneinternet bill
Internet,throttled internet speeds
Billing,comcast billing problem
Billing,comcast over charges with no notification
Internet,internet availability
Internet,comcast internet usage caps
Billing,comcast service and billing issues
Internet,internet outages
Internet,comcast internet - horrible customer service
Network,comcast s customer service is awful
Internet,manipulative billing issue
Internet,comcast advertised wifi internet speed not provided false advertisment
Internet,comcast s internet is slower than what i pay for
Other,bad practices
Billing,over billing comcast
Other,refusal to rectify
Other,comcast
Internet,cable availability
Network,data usage with comcast
Internet,billing dispute
Network,re complain against comcast email and telephone for home service
Network,false service
Other,misinformed over and over again
Other,comcastxfinity
Other,comcast blocking hbogo on playstation 4 consoles
Internet,comcast internet online streaming
Network,false information given just to get me set up service
Internet,comcast speed throttling internet
Internet,possible throttle
Internet,throttling and disconnections
Internet,internet offer rescinded
Internet,internet throttling
Other,comcast
Other,comcast are crooks
Billing,comcast price increase not in line with advertisement
Internet,comcast internet service
Internet,intermittant phone and internet
Billing,comcast etf charge
Billing,being charged for a technician fee
Internet,comcast internet service
Network,availabilty
Internet,internet
Billing,unauthorized 2-year contract with comcast
Email,unwanted email with no opt out options
Billing,waive the reoccuring charges
Internet,difficulty with internet speeds
Other,comcast move
Billing,monopolistic billing
Internet,uncompetitive pricing of comcast internet services
Billing,comcast forced me into a contract
Other,comcast
Internet,repeated installation issue with comcast internet service
Billing,ecobill discount
Network,horrible customer service from comcast
Internet,comcast internet
Other,comcast
Internet,comcastxfinity poor internet connection speed and poor customer service
Internet,i pay for 25mbps internet but get less than 3mbps
Billing,comcast - billing for service that they can not provide
Billing,comcast illegally introduces service fees without notice or customer consent
Billing,comcast changed my package and wants me to pay more
Internet,comcast throttling or otherwise under-delivering internet service
Billing,comcast refuses to lower my bill to prevoius agreement
Billing,billing and deceitful practices by comcast
Billing,unfair billing practices engaged by comcastxfinity
Billing,comcast overcharging despite regular calls and agreed upon price
Internet,unclear quoted speeds and prices
Billing,comcast billing practices
Internet,internet issues with comcast
Internet,internet speed
Internet,awful internet
Billing,being charged incorrect price
Billing,false billing
Other,postal mail ticket - 0057
Billing,comcast xfinity charges consumer for troubleshootingfixing its own problems
Email,recent hacking of email account
Billing,comcast billing
Internet,internet service termination
Billing,unnecessary charge by comcast for technician visit
Network,racist customer service from manager sonia and employee adriana comcast location 999 edgewater blvd foster city ca 94404
Other,fraudulent use of credit card and credit card information
Other,reporting comcast s various problems
Billing,comcast billing complaint
Other,postal mail ticket 2334
Billing,double billing
Other,refund issues
Billing,price increase
Other,comcast unfair product bundling
Internet,comcast not refunding deposit for cancelled internet
Internet,comcast artificially inflating prices of internet only services
Internet,extremely slow internet and no aid from comcast
Internet,throttlingdrastic reduction of speeds
Other,comcast fraud
Other,comcast forces rep visit then goes back on their promise
Network,comcast denies providing offered service
Internet,cable internet unavailable
Billing,unfair pricing and raising of pricing and charging without permission
Internet,concern about comcast internet modem billing practices
Billing,unfair fees
Internet,slow internet speed
Billing,comcast changes bill prices without my consent
Internet,false claims of internet speed tier
Internet,poor interent connection-equipment failure slow speed
Grievance,comcast false misleading sale practice
Other,misleading sales practice and advertising
Billing,comcast sold me a package knowing it would nt work for me and proceeded to charge me more and attempt to tack on fees for their mistake
Internet,comcast bill way too high for such slow speeds
Internet,comcast blocking hbo go access on playstation 4
Network,comcast xfinity data cap in atlanta ga
Network,comcast data caps
Billing,comcast ignores my requests to cancel a service and instead added product to my bill and increased the monthly cost
Internet,being charged for high speed internet and services are not rendered
Internet,internet unreliable
Internet,price of internet service
Other,closed account
Internet,comcast inflated internet pricing
Internet,expensive internet service for average speed
Billing,comcast pricing practices
Billing,pricing and lies
Billing,charge for service they wo nt deliver
Internet,comcast throttles santa cruz ca to 30mbits claims we get 50mbits
Internet,comcast misrepresenting speeds in santa cruz ca
Internet,comcast wrong advertised speeds
Internet,misrepresented internet speed
Internet,being charged for internet speeds that equipment can not deliver
Other,huge number of lies from comcast
Internet,comcast internet and tv
Internet,poor internet reception
Billing,overcharging and shitty service
Network,comcast bait and switch
Other,comcast issues
Internet,throttled connection at peak time
Other,comcast
Internet,price manipulation
Internet,charges for internet service are bogus
Internet,extremely slow comcast internet connection have tried to have fixed but no one comes
Network,data overages
Internet,internet service disconnected accidentally by comcast personnel poor service
Billing,intenet advertised rate versus customer service phone quote with comcast xfinity
Other,comcast
Billing,customer service billing
Network,service issues
Billing,billing customer service issues
Billing,outrageous billing costs and data caps
Billing,falsifying plan rates and charges
Network,comcast data cap
Network,bait and switch service
Network,unable to change my service
Billing,comcast bill and service disclosure
Other,comcast harassment
Billing,complaint regarding billing practices
Internet,complaint against comcast for provisioning of internet service ar residential address
Other,install gone bad
Billing,comcast s unfair pricing
Other,needed tech suport
Internet,speed misrepresentation
Other,fraudulent advertising
Other,deceptive sales practices
Other,comcast trespassing
Internet,internet issues and customer service issues
Grievance,complaints against comcat
Internet,charge for equipment from comcast i was not made aware when i ordered it
Billing,xfinity is charging me more money for my account than what it should be
Other,comcast
Network,failure of service from comcast
Network,failure of service from comcast
Other,comcast
Internet,internet speeds less than what we are paying for after canceling cable tv service
Billing,comcast continues to bill me though i canceled months ago
Internet,billing internet service issues with comcast in seattle wa
Internet,comcast repeatedly failing to install internet service
Internet,slow internet speed
Billing,comcast s egregious billing techniques
Billing,comcast s unfair billing practices
Internet,slow internet
Other,slow routing dropped packets
Other,comcast re-escalation of case esl01877347 - orr
Other,comcast no show s
Billing,fraudulent billing
Internet,internet connectivity
Network,data usage meter
Network,comcast data usage meter
Internet,comcastxfinity internet data cap
Internet,threat of shutting off service of phone internet and tv
Network,comcast data usage plan limit
Network,bad service please help
Internet,improper modems
Other,comcast blocking hbo go on playstation
Other,comcast run around
Internet,multiple unauthorized and unwarranted credit checks
Internet,comcast cable billing fraud
Internet,comcast billing past disconnection time
Internet,comcast will not allow me to cancel my internet service
Internet,dsl
Billing,contract
Billing,comcast over charging
Internet,access issues have returned
Internet,comcast internet service
Email,email sdervice
Grievance,complaint against comcast
Internet,internet speed
Internet,comcast internet complaint
Network,comcast service agreement
Network,comcast service
Network,comcast 300gb cap
Internet,internet essentials
Network,cap complaints
Network,comcast data caps
Other,continue to be scared by comcast
Billing,price plans
Grievance,complaint against comcast corporation
Billing,pricing discrimination monopolistic behavior in an oligopolistic market
Internet,internet much slower than advertised
Billing,cheating in bundle service pricing
Other,deceptive business practices by comcast
Other,comcast
Other,comcast monopoly and abuse
Billing,comcast billing
Billing,billing
Billing,comcast billing and account issues
Billing,comcast rate
Network,comcast service and customer service
Network,comcast data cap
Internet,comcast internet service
Grievance,fccgov website for complaints
Billing,comcast billing complaint
Network,denial of service
Internet,internet help south lyon mi 48178
Internet,internet help south lyon mi 48178
Internet,very low wireless speed not working well
Internet,internet service from comcast
Other,comcast
Network,data usage cap
Billing,charged for data not actually used
Billing,charged for data not actually used
Billing,data overage charges
Internet,poor internet
Internet,speed
Billing,billing issues
Billing,fraudulent billing erroneous billing overbilling
Network,xfinity customer service
Internet,internet price
Internet,comcast throttling my high-speed internet
Internet,slow internet over charged billing
Internet,no internet available since a comcast techinitian did an intervention to change plans
Other,comcast xfinity monopoly abuses
Billing,comcast billing support and practices
Network,extremely poor customer service
Network,interrnet service
Other,comcast
Internet,comcast cable and internet
Other,comcast
Other,comcast
Other,comcast accourt
Network,availabilty
Internet,comcast internet services
Billing,unfair billing practices by comcast xfinity
Billing,unfair billing practices
Internet,incorrect billing of non-rented equipment
Internet,paying for hi speed internet 105 mbps
Internet,comcast internet being charged full price for partial service
Network,poor quality service and broken promises
Billing,monthly rate confusion poor customer support
Internet,billing complaint - comcast digital phoneinternet service
Internet,comcast xfinity internet service
Internet,cant cancel internet on sundays
Internet,internet speeds
Other,comcast - hbo - ps3
Billing,over charged for service never received
Other,comcast
Billing,billing issues
Internet,internet speeds not as advertised bandwith not available as advertised
Billing,comcast xfinity deceptive billing practices
Other,xfiniti account
Billing,excessive early termination fees due immediately after 10 years of service
Grievance,comcast complaint
Internet,comcast forcing me to purchase cable tv only want internet
Other,installed on 426 still not working
Billing,comcast xfinity billing issue
Other,xfinity security system
Billing,billing overcharging issues by comcast
Internet,internet speed cut in half with no notification
Internet,internet access
Network,data caps
Network,comcast data cap
Grievance,complaint 67455
Internet,bad interner speeds and access
Billing,billing practices
Other,fraud
Billing,billing
Network,no email service from comcast
Network,service quality
Internet,no internet service
Grievance,complaint about comcastxfinity
Billing,comcast- unfair pricing
Internet,high speed internet access
Internet,internet being throttled
Internet,no internet service for more than 20 days
Billing,paying for service for 12 months without recieving the service
Internet,internet outage
Network,comcast data cap
Internet,continuous internet problems
Billing,billing - comcast
Other,comcast refusing to fix connectivity issues
Billing,comcast charged me higher than quoted on the phone
Internet,misleading and deceptive sale of internet service
Billing,comcast refund and discontinue service billing
Billing,comcast service and pricing
Billing,billed for services not ordered or recieved
Internet,xfinitycomcast throttles bandwidth way below contract level
Network,comcast data usage limit in atlanta
Network,comcast data caps
Internet,comcast internet
Other,recent fines to at t and possibly
Billing,predatory monopolistic pricing
Billing,outrageous comcast charges
Billing,price fixing and monopolistic behaivor
Network,customer service
Billing,billsidentity
Billing,i pay for 50 mbps get 10 at best
Network,poor service from xfinity
Billing,comcast practices billing
Internet,comcast cable
Grievance,complaint regarding comcast
Internet,intermittent internet
Internet,unreliable connection
Internet,unreliable connection
Other,comcast is awful
Billing,comcast billing
Billing,tallahassee comcast rates high without competition
Network,60 day delay in cancelling service agreement
Billing,unfair billing practices
Internet,internet speed
Internet,comcast internet issue
Other,xfinity issues
Billing,back to back bill
Internet,loss of signal several times a day very slow connectivity very often several issues with television also not just internet
Billing,poor servicepaying for unusable services
Other,scam concerning ham license register book
Billing,comcast bill doubled without notice
Grievance,comcast complaint
Other,comcast bars hbogo from streaming to purchased device of my choosing ps4
Internet,internet services
Billing,comcast charges in violation of contract
Network,someone at comcast added services without me knowing
Billing,comcast wo nt pay me my refund
Internet,data caps for broadband internet
Billing,comcast had said i had a credit but then issued a regular bill
Other,comcast
Billing,why am i paying for this
Network,comcast service complaint
Grievance,complaint about comcast
Grievance,comcast complaint
Billing,comcast is inaccurately measuring bandwidth consumption
Network,data capping and lack of options in tucson az
Internet,poor internet service
Billing,comcast is changing my paper bill to ecobill without my consent
Internet,internet overage charges
Billing,improper billingservices
Network,data caps
Network,data caps
Internet,comcast unlimited internet access recently limited to 300gb per month
Other,deceptive advertising
Network,comcast data capmeter
Network,data cap
Network,comcast data metercap
Billing,comcast service and billing
Network,data limits
Internet,tucson comcast data caps on internet service
Network,data cap
Internet,home internet data caps
Network,comcast falsely claims service is provided in neighborhood
Network,data usage cap with comcast xfinity
Other,comcast monopoly
Network,comcast data usage plan trial
Internet,comcast slowing internet speeds intentionally
Network,xfinity data caps
Internet,comcast data caps and throttling
Billing,increased monthly fee on 3 year contract
Billing,installation fee
Other,comcast issues do nt get resolved
Network,data cap
Other,shitty comcast
Network,shitty comcast service
Billing,terrible pricing for only one viable option
Billing,unfair billing practice and services
Internet,pay 2500 for cable line
Network,inability to get service transferred
Network,poor service or no service
Internet,access to service
Internet,speed consistently 125 of speed paid for
Internet,comcast throttling internet
Internet,slow internet
Internet,comcast internet service
Billing,incorrect billing
Other,comcast xfinity
Billing,comcast fraudulent charges
Billing,re unfair billing practices complaints against comcast
Internet,my comcast bill for internetcablephone service
Network,monopolist power of comcast in my service area
Other,comcastxfinity communication
Internet,no internet
Internet,comcast-non existent customer service terrible internet connection
Internet,slow download and upload speeds
Other,repeatedly have been promised installations without anyone arriving or notifying
Internet,comcast internet
Internet,internet speeds are wacko
Billing,unresolved comcast fraudulent billing
Internet,comcast internet service
Email,comcast email acess
Internet,internet service loses signal
Billing,comcast bill
Network,horrible customer service bad service
Network,comcast no service hung up on 3 in person attempts by technician and all were no show with no call back
Internet,inexplicable disconnection subsequent mishandling
Billing,comcast billing issue
Internet,comcast internet service
Billing,billing complaint
Billing,credit on bill and change of service request
Internet,internet speed
Grievance,false sales offers
Other,incorrect disclosure
Billing,paying for 50mbs and getting 26mbs
Network,comcast misleading hsi customers
Internet,throttling of comcast internet services
Billing,billing
Billing,unfair and monopolistic billing practices
Other,comcastxfinity
Internet,comcast internet
Internet,broadband internet malfeasance by comcast
Internet,comcast speeds as low as 12 mbs paying for 105 mbs and they wont figure it out
Internet,lack of isp choice
Billing,failure to provide service while still billing
Internet,slow internet speeds
Billing,monopolies mean high prices and mediocre service
Internet,internet speed
Grievance,complaint 2 no resolution please help thank you
Billing,comcast is charging consumer too much
Other,comcast slowing down netflix
Billing,comcast excessive charge when cancelling service
Network,fradulent services
Network,comcast refusal of service
Grievance,comcast is not my complaint cyber tele-marketing is my complaint
Billing,comcast asking for interstructure fee
Network,deceptive trade practices false advertising and bait and switch
Billing,billing issues
Other,failure to show for an appointment and lying
Billing,over sold over billed for short term services
Internet,misrepresentation of internet speed
Other,comcast home security system
Network,comcast transfer of service complaint
Other,i have been asking to speak with a supervisor every day for the last five weeks
Internet,comcast is giving out wrong information accusing people and increasing equipment prices when contract says price will stay the same for 2 years
Billing,unauthorized charges to my account by comcast
Internet,comcast charge my own router as unreturned equipment
Internet,internet uasgeoverage
Billing,egregious fees
Internet,cramming false internet promotion speed complaint
Billing,comcast data cap overage fees
Other,comcast committing extortion
Other,comcast
Billing,overbilled
Internet,comcast business internet
Billing,monthly bill increased service decreased
Internet,promised speeds
Other,comcast
Internet,data caps for cable isp s
Other,comcast
Internet,youtube being throttled
Other,comcast xfinity
Internet,internet speed
Other,comcast will not help us please help
Other,comcast failing to show up to scheduled appointment
Billing,comcast sales people not reflect what they said in the bill
Internet,slow internet service
Internet,internet provider
Internet,slow internet
Other,comcast
Network,comcast cramming
Billing,over payment
Internet,xfinitycomcast cable
Internet,throttling internet
Billing,billing continues for 2 months after terminating service
Network,data usage caps
Billing,comcast charges
Internet,comcast xfinity internet service
Other,comcast
Billing,monopolistic billing practices
Outages,comcast outage
Billing,unfair pricing
Billing,unreasonable billing
Billing,xfinity corporate bullying breach of contract
Grievance,i am so fed up with comcast
Internet,terrible internet service from comcast
Billing,comcast cramming services i did nt ask for to raise my bill
Billing,comcast over charge
Billing,charged for no seevice
Internet,comcast xfintity internet data caps
Billing,miss represented and over charged now
Network,comcst data cap
Internet,inconsistent and intermittent internet connectivity
Billing,comcast will not refund or reimburse significant overcharges they admit to
Billing,lied to about install costs
Internet,issues with comcast billing and equipment
Internet,comcast internet
Network,comcast cap
Network,false advertisingbait and switch
Billing,comcast customer service and billing issues
Other,comcast
Internet,internet services
Billing,i had sent out a check payment comcast
Internet,comcast internet service quality
Billing,comcast unfair pricing
Internet,high internet cable bill
Internet,problems with internet service
Internet,speed throttling speeds not at promised output
Network,service availability
Internet,comcast monthly billing for returned modem
Grievance,complaint about comcast
Network,extremely unsatisfied comcast customer
Internet,comcast ypsilanti mi internet speed
